timestamp_utc,segment_id,material,install_year,MAOP_bar,location_class,hca_flag,distance_to_building_m,confinement,surface_capping_type,pressure_bar,flow_scm_h,methane_pct_lel,acoustic_index,trigger_channel,route,label_event,label_grade
2025-06-01 00:00:00+00:00,SEG-001,PE,2008,4.0,3,True,8.0,below_pavement,asphalt,3.603,118.44,1.72,0.1046,none,normal,normal,
2025-06-01 00:00:00+00:00,SEG-004,PE,2015,4.0,3,True,5.0,below_pavement,concrete,3.4882,93.74,1.31,0.1455,none,normal,normal,
2025-06-01 00:00:00+00:00,SEG-002,cast_iron,1975,1.0,2,False,45.0,open_row,soil,0.8499,54.75,0.03,0.0344,none,normal,normal,
2025-06-01 00:00:00+00:00,SEG-005A,PE,2010,4.0,2,False,30.0,open_row,soil,3.387,99.92,0.03,0.149,none,normal,normal,
2025-06-01 00:00:00+00:00,SEG-005B,PE,2010,4.0,2,False,30.0,below_pavement,asphalt,3.411,99.38,1.2,0.0709,none,normal,normal,
2025-06-01 00:00:00+00:00,SEG-003,steel,1992,7.0,1,False,120.0,open_row,grass,6.1953,310.69,0.21,0.1499,none,normal,normal,
2025-06-01 00:01:00+00:00,SEG-003,steel,1992,7.0,1,False,120.0,open_row,grass,6.1934,310.21,0.18,0.1346,none,normal,normal,
2025-06-01 00:01:00+00:00,SEG-005B,PE,2010,4.0,2,False,30.0,below_pavement,asphalt,3.4046,97.7,0.35,0.1017,none,normal,normal,
2025-06-01 00:01:00+00:00,SEG-004,PE,2015,4.0,3,True,5.0,below_pavement,concrete,3.4878,95.37,1.47,0.1125,none,normal,normal,
2025-06-01 00:01:00+00:00,SEG-002,cast_iron,1975,1.0,2,False,45.0,open_row,soil,0.8509,55.97,0.24,0.0759,none,normal,normal,
2025-06-01 00:01:00+00:00,SEG-001,PE,2008,4.0,3,True,8.0,below_pavement,asphalt,3.5805,118.05,1.52,0.1179,none,normal,normal,
2025-06-01 00:01:00+00:00,SEG-005A,PE,2010,4.0,2,False,30.0,open_row,soil,3.4089,100.02,1.79,0.1321,none,normal,normal,
2025-06-01 00:02:00+00:00,SEG-005B,PE,2010,4.0,2,False,30.0,below_pavement,asphalt,3.4037,100.95,0.9,0.1339,none,normal,normal,
2025-06-01 00:02:00+00:00,SEG-001,PE,2008,4.0,3,True,8.0,below_pavement,asphalt,3.5998,118.72,0.74,0.139,none,normal,normal,
2025-06-01 00:02:00+00:00,SEG-002,cast_iron,1975,1.0,2,False,45.0,open_row,soil,0.8416,53.17,0.4,0.1206,none,normal,normal,
2025-06-01 00:02:00+00:00,SEG-003,steel,1992,7.0,1,False,120.0,open_row,grass,6.2053,308.94,0.29,0.1165,none,normal,normal,
2025-06-01 00:02:00+00:00,SEG-004,PE,2015,4.0,3,True,5.0,below_pavement,concrete,3.4958,92.52,0.08,0.1166,none,normal,normal,
2025-06-01 00:02:00+00:00,SEG-005A,PE,2010,4.0,2,False,30.0,open_row,soil,3.398,98.38,0.55,0.0076,none,normal,normal,
2025-06-01 00:03:00+00:00,SEG-002,cast_iron,1975,1.0,2,False,45.0,open_row,soil,0.8592,53.01,0.26,0.0186,none,normal,normal,
2025-06-01 00:03:00+00:00,SEG-003,steel,1992,7.0,1,False,120.0,open_row,grass,6.2082,309.41,1.31,0.0054,none,normal,normal,
2025-06-01 00:03:00+00:00,SEG-005A,PE,2010,4.0,2,False,30.0,open_row,soil,3.3875,100.77,1.33,0.1254,none,normal,normal,
2025-06-01 00:03:00+00:00,SEG-001,PE,2008,4.0,3,True,8.0,below_pavement,asphalt,3.6007,121.69,0.89,0.0341,none,normal,normal,
2025-06-01 00:03:00+00:00,SEG-005B,PE,2010,4.0,2,False,30.0,below_pavement,asphalt,3.397,99.28,0.6,0.1421,none,normal,normal,
2025-06-01 00:03:00+00:00,SEG-004,PE,2015,4.0,3,True,5.0,below_pavement,concrete,3.4948,96.22,0.93,0.1467,none,normal,normal,
2025-06-01 00:04:00+00:00,SEG-003,steel,1992,7.0,1,False,120.0,open_row,grass,6.1988,311.24,1.21,0.1202,none,normal,normal,
2025-06-01 00:04:00+00:00,SEG-002,cast_iron,1975,1.0,2,False,45.0,open_row,soil,0.8549,54.27,0.6,0.0733,none,normal,normal,
2025-06-01 00:04:00+00:00,SEG-005A,PE,2010,4.0,2,False,30.0,open_row,soil,3.3988,101.49,0.46,0.1311,none,normal,normal,
2025-06-01 00:04:00+00:00,SEG-005B,PE,2010,4.0,2,False,30.0,below_pavement,asphalt,3.4179,101.97,0.81,0.0843,none,normal,normal,
2025-06-01 00:04:00+00:00,SEG-004,PE,2015,4.0,3,True,5.0,below_pavement,concrete,3.5052,94.13,0.17,0.0833,none,normal,normal,
2025-06-01 00:04:00+00:00,SEG-001,PE,2008,4.0,3,True,8.0,below_pavement,asphalt,3.6037,118.56,1.66,0.0947,none,normal,normal,
2025-06-01 00:05:00+00:00,SEG-004,PE,2015,4.0,3,True,5.0,below_pavement,concrete,3.4936,95.81,1.65,0.0055,none,normal,normal,
2025-06-01 00:05:00+00:00,SEG-001,PE,2008,4.0,3,True,8.0,below_pavement,asphalt,3.5982,118.98,1.94,0.134,none,normal,normal,
2025-06-01 00:05:00+00:00,SEG-002,cast_iron,1975,1.0,2,False,45.0,open_row,soil,0.8554,57.01,0.57,0.1387,none,normal,normal,
2025-06-01 00:05:00+00:00,SEG-003,steel,1992,7.0,1,False,120.0,open_row,grass,6.1852,306.5,0.11,0.1201,none,normal,normal,
2025-06-01 00:05:00+00:00,SEG-005B,PE,2010,4.0,2,False,30.0,below_pavement,asphalt,3.4077,100.18,1.81,0.0629,none,normal,normal,
2025-06-01 00:05:00+00:00,SEG-005A,PE,2010,4.0,2,False,30.0,open_row,soil,3.4004,98.73,1.11,0.0594,none,normal,normal,
2025-06-01 00:06:00+00:00,SEG-002,cast_iron,1975,1.0,2,False,45.0,open_row,soil,0.8478,55.36,1.27,0.0159,none,normal,normal,
2025-06-01 00:06:00+00:00,SEG-001,PE,2008,4.0,3,True,8.0,below_pavement,asphalt,3.5957,119.47,0.93,0.0066,none,normal,normal,
2025-06-01 00:06:00+00:00,SEG-005A,PE,2010,4.0,2,False,30.0,open_row,soil,3.4038,101.93,1.13,0.1138,none,normal,normal,
2025-06-01 00:06:00+00:00,SEG-003,steel,1992,7.0,1,False,120.0,open_row,grass,6.1972,310.3,1.4,0.1257,none,normal,normal,
2025-06-01 00:06:00+00:00,SEG-004,PE,2015,4.0,3,True,5.0,below_pavement,concrete,3.4831,95.81,0.22,0.1013,none,normal,normal,
2025-06-01 00:06:00+00:00,SEG-005B,PE,2010,4.0,2,False,30.0,below_pavement,asphalt,3.3994,98.91,0.82,0.066,none,normal,normal,
2025-06-01 00:07:00+00:00,SEG-004,PE,2015,4.0,3,True,5.0,below_pavement,concrete,3.4858,95.67,1.73,0.1109,none,normal,normal,
2025-06-01 00:07:00+00:00,SEG-001,PE,2008,4.0,3,True,8.0,below_pavement,asphalt,3.6041,120.65,1.49,0.1451,none,normal,normal,
2025-06-01 00:07:00+00:00,SEG-002,cast_iron,1975,1.0,2,False,45.0,open_row,soil,0.8509,55.34,1.93,0.0894,none,normal,normal,
2025-06-01 00:07:00+00:00,SEG-003,steel,1992,7.0,1,False,120.0,open_row,grass,6.1993,312.03,1.26,0.1277,none,normal,normal,
2025-06-01 00:07:00+00:00,SEG-005A,PE,2010,4.0,2,False,30.0,open_row,soil,3.3876,99.52,1.03,0.0019,none,normal,normal,
2025-06-01 00:07:00+00:00,SEG-005B,PE,2010,4.0,2,False,30.0,below_pavement,asphalt,3.4,100.51,1.33,0.0983,none,normal,normal,
2025-06-01 00:08:00+00:00,SEG-004,PE,2015,4.0,3,True,5.0,below_pavement,concrete,3.5071,95.36,0.47,0.0933,none,normal,normal,
2025-06-01 00:08:00+00:00,SEG-005B,PE,2010,4.0,2,False,30.0,below_pavement,asphalt,3.4076,100.57,0.65,0.0297,none,normal,normal,
2025-06-01 00:08:00+00:00,SEG-003,steel,1992,7.0,1,False,120.0,open_row,grass,6.1941,307.78,0.39,0.0406,none,normal,normal,
2025-06-01 00:08:00+00:00,SEG-005A,PE,2010,4.0,2,False,30.0,open_row,soil,3.3942,100.38,0.82,0.0141,none,normal,normal,
2025-06-01 00:08:00+00:00,SEG-001,PE,2008,4.0,3,True,8.0,below_pavement,asphalt,3.5949,118.78,0.94,0.0284,none,normal,normal,
2025-06-01 00:08:00+00:00,SEG-002,cast_iron,1975,1.0,2,False,45.0,open_row,soil,0.8415,54.57,0.93,0.1177,none,normal,normal,
2025-06-01 00:09:00+00:00,SEG-004,PE,2015,4.0,3,True,5.0,below_pavement,concrete,3.4956,95.05,1.03,0.1016,none,normal,normal,
2025-06-01 00:09:00+00:00,SEG-005B,PE,2010,4.0,2,False,30.0,below_pavement,asphalt,3.395,97.52,0.49,0.1002,none,normal,normal,
2025-06-01 00:09:00+00:00,SEG-003,steel,1992,7.0,1,False,120.0,open_row,grass,6.208,312.58,1.22,0.0082,none,normal,normal,
2025-06-01 00:09:00+00:00,SEG-005A,PE,2010,4.0,2,False,30.0,open_row,soil,3.4031,99.4,1.37,0.0224,none,normal,normal,
2025-06-01 00:09:00+00:00,SEG-002,cast_iron,1975,1.0,2,False,45.0,open_row,soil,0.8532,56.81,1.66,0.1195,none,normal,normal,
2025-06-01 00:09:00+00:00,SEG-001,PE,2008,4.0,3,True,8.0,below_pavement,asphalt,3.5989,118.74,0.45,0.1005,none,normal,normal,
2025-06-01 00:10:00+00:00,SEG-004,PE,2015,4.0,3,True,5.0,below_pavement,concrete,3.5047,94.2,1.79,0.1007,none,normal,normal,
2025-06-01 00:10:00+00:00,SEG-001,PE,2008,4.0,3,True,8.0,below_pavement,asphalt,3.6074,120.81,1.66,0.1207,none,normal,normal,
2025-06-01 00:10:00+00:00,SEG-005A,PE,2010,4.0,2,False,30.0,open_row,soil,3.3886,99.28,0.4,0.1288,none,normal,normal,
2025-06-01 00:10:00+00:00,SEG-003,steel,1992,7.0,1,False,120.0,open_row,grass,6.1896,310.71,1.77,0.1064,none,normal,normal,
2025-06-01 00:10:00+00:00,SEG-002,cast_iron,1975,1.0,2,False,45.0,open_row,soil,0.8285,54.76,1.21,0.1302,none,normal,normal,
2025-06-01 00:10:00+00:00,SEG-005B,PE,2010,4.0,2,False,30.0,below_pavement,asphalt,3.4005,99.59,0.28,0.0425,none,normal,normal,
2025-06-01 00:11:00+00:00,SEG-003,steel,1992,7.0,1,False,120.0,open_row,grass,6.2093,309.09,0.37,0.147,none,normal,normal,
2025-06-01 00:11:00+00:00,SEG-004,PE,2015,4.0,3,True,5.0,below_pavement,concrete,3.4896,91.38,0.7,0.128,none,normal,normal,
2025-06-01 00:11:00+00:00,SEG-002,cast_iron,1975,1.0,2,False,45.0,open_row,soil,0.8721,54.21,0.75,0.0639,none,normal,normal,
2025-06-01 00:11:00+00:00,SEG-001,PE,2008,4.0,3,True,8.0,below_pavement,asphalt,3.6012,120.33,1.36,0.021,none,normal,normal,
2025-06-01 00:11:00+00:00,SEG-005A,PE,2010,4.0,2,False,30.0,open_row,soil,3.4032,98.26,0.94,0.11,none,normal,normal,
2025-06-01 00:11:00+00:00,SEG-005B,PE,2010,4.0,2,False,30.0,below_pavement,asphalt,3.4034,100.47,0.41,0.0813,none,normal,normal,
2025-06-01 00:12:00+00:00,SEG-002,cast_iron,1975,1.0,2,False,45.0,open_row,soil,0.8491,52.36,0.91,0.0372,none,normal,normal,
2025-06-01 00:12:00+00:00,SEG-004,PE,2015,4.0,3,True,5.0,below_pavement,concrete,3.4959,92.09,0.79,0.0412,none,normal,normal,
2025-06-01 00:12:00+00:00,SEG-001,PE,2008,4.0,3,True,8.0,below_pavement,asphalt,3.6068,120.1,1.57,0.0997,none,normal,normal,
2025-06-01 00:12:00+00:00,SEG-003,steel,1992,7.0,1,False,120.0,open_row,grass,6.1935,310.64,1.27,0.0859,none,normal,normal,
2025-06-01 00:12:00+00:00,SEG-005A,PE,2010,4.0,2,False,30.0,open_row,soil,3.4003,100.05,1.03,0.1113,none,normal,normal,
2025-06-01 00:12:00+00:00,SEG-005B,PE,2010,4.0,2,False,30.0,below_pavement,asphalt,3.3789,99.45,1.22,0.0383,none,normal,normal,
2025-06-01 00:13:00+00:00,SEG-001,PE,2008,4.0,3,True,8.0,below_pavement,asphalt,3.5854,119.52,0.92,0.0853,none,normal,normal,
2025-06-01 00:13:00+00:00,SEG-005B,PE,2010,4.0,2,False,30.0,below_pavement,asphalt,3.4,101.57,1.95,0.06,none,normal,normal,
2025-06-01 00:13:00+00:00,SEG-005A,PE,2010,4.0,2,False,30.0,open_row,soil,3.3733,100.59,1.14,0.0157,none,normal,normal,
2025-06-01 00:13:00+00:00,SEG-003,steel,1992,7.0,1,False,120.0,open_row,grass,6.2036,311.98,0.6,0.0867,none,normal,normal,
2025-06-01 00:13:00+00:00,SEG-004,PE,2015,4.0,3,True,5.0,below_pavement,concrete,3.4981,93.33,0.17,0.0513,none,normal,normal,
2025-06-01 00:13:00+00:00,SEG-002,cast_iron,1975,1.0,2,False,45.0,open_row,soil,0.8371,53.35,1.63,0.0158,none,normal,normal,
2025-06-01 00:14:00+00:00,SEG-005B,PE,2010,4.0,2,False,30.0,below_pavement,asphalt,3.395,100.73,0.8,0.1313,none,normal,normal,
2025-06-01 00:14:00+00:00,SEG-003,steel,1992,7.0,1,False,120.0,open_row,grass,6.2107,309.5,1.88,0.0223,none,normal,normal,
2025-06-01 00:14:00+00:00,SEG-004,PE,2015,4.0,3,True,5.0,below_pavement,concrete,3.4851,96.05,2.0,0.0445,none,normal,normal,
2025-06-01 00:14:00+00:00,SEG-005A,PE,2010,4.0,2,False,30.0,open_row,soil,3.3962,98.87,1.6,0.015,none,normal,normal,
2025-06-01 00:14:00+00:00,SEG-002,cast_iron,1975,1.0,2,False,45.0,open_row,soil,0.8383,54.45,0.29,0.1237,none,normal,normal,
2025-06-01 00:14:00+00:00,SEG-001,PE,2008,4.0,3,True,8.0,below_pavement,asphalt,3.5972,122.24,1.34,0.0707,none,normal,normal,
2025-06-01 00:15:00+00:00,SEG-005B,PE,2010,4.0,2,False,30.0,below_pavement,asphalt,3.4099,99.16,1.87,0.1281,none,normal,normal,
2025-06-01 00:15:00+00:00,SEG-003,steel,1992,7.0,1,False,120.0,open_row,grass,6.1987,310.52,0.95,0.0179,none,normal,normal,
2025-06-01 00:15:00+00:00,SEG-002,cast_iron,1975,1.0,2,False,45.0,open_row,soil,0.8401,54.63,1.84,0.0248,none,normal,normal,
2025-06-01 00:15:00+00:00,SEG-004,PE,2015,4.0,3,True,5.0,below_pavement,concrete,3.4966,94.79,1.15,0.1496,none,normal,normal,
2025-06-01 00:15:00+00:00,SEG-001,PE,2008,4.0,3,True,8.0,below_pavement,asphalt,3.5832,119.5,1.27,0.083,none,normal,normal,
2025-06-01 00:15:00+00:00,SEG-005A,PE,2010,4.0,2,False,30.0,open_row,soil,3.4143,102.76,0.05,0.1469,none,normal,normal,
2025-06-01 00:16:00+00:00,SEG-002,cast_iron,1975,1.0,2,False,45.0,open_row,soil,0.8462,54.8,0.23,0.0032,none,normal,normal,
2025-06-01 00:16:00+00:00,SEG-003,steel,1992,7.0,1,False,120.0,open_row,grass,6.2007,310.24,0.61,0.0642,none,normal,normal,
2025-06-01 00:16:00+00:00,SEG-004,PE,2015,4.0,3,True,5.0,below_pavement,concrete,3.4873,92.4,0.78,0.1373,none,normal,normal,
2025-06-01 00:16:00+00:00,SEG-005A,PE,2010,4.0,2,False,30.0,open_row,soil,3.4004,102.63,1.78,0.0592,none,normal,normal,
2025-06-01 00:16:00+00:00,SEG-005B,PE,2010,4.0,2,False,30.0,below_pavement,asphalt,3.3905,101.46,0.98,0.0948,none,normal,normal,
2025-06-01 00:16:00+00:00,SEG-001,PE,2008,4.0,3,True,8.0,below_pavement,asphalt,3.6071,121.19,0.06,0.0655,none,normal,normal,
2025-06-01 00:17:00+00:00,SEG-003,steel,1992,7.0,1,False,120.0,open_row,grass,6.2033,309.96,0.82,0.0613,none,normal,normal,
2025-06-01 00:17:00+00:00,SEG-004,PE,2015,4.0,3,True,5.0,below_pavement,concrete,3.5185,94.74,0.73,0.0101,none,normal,normal,
2025-06-01 00:17:00+00:00,SEG-005B,PE,2010,4.0,2,False,30.0,below_pavement,asphalt,3.3924,98.71,1.83,0.1386,none,normal,normal,
2025-06-01 00:17:00+00:00,SEG-001,PE,2008,4.0,3,True,8.0,below_pavement,asphalt,3.6086,119.71,1.71,0.0351,none,normal,normal,
2025-06-01 00:17:00+00:00,SEG-005A,PE,2010,4.0,2,False,30.0,open_row,soil,3.4037,104.77,1.16,0.0614,none,normal,normal,
2025-06-01 00:17:00+00:00,SEG-002,cast_iron,1975,1.0,2,False,45.0,open_row,soil,0.8473,55.35,0.11,0.0887,none,normal,normal,
2025-06-01 00:18:00+00:00,SEG-005B,PE,2010,4.0,2,False,30.0,below_pavement,asphalt,3.3904,100.66,1.49,0.1147,none,normal,normal,
2025-06-01 00:18:00+00:00,SEG-002,cast_iron,1975,1.0,2,False,45.0,open_row,soil,0.8601,55.23,0.64,0.0757,none,normal,normal,
2025-06-01 00:18:00+00:00,SEG-005A,PE,2010,4.0,2,False,30.0,open_row,soil,3.4097,99.46,0.94,0.0295,none,normal,normal,
2025-06-01 00:18:00+00:00,SEG-003,steel,1992,7.0,1,False,120.0,open_row,grass,6.1841,306.89,0.63,0.0054,none,normal,normal,
2025-06-01 00:18:00+00:00,SEG-001,PE,2008,4.0,3,True,8.0,below_pavement,asphalt,3.5908,120.75,0.59,0.0993,none,normal,normal,
2025-06-01 00:18:00+00:00,SEG-004,PE,2015,4.0,3,True,5.0,below_pavement,concrete,3.5059,95.48,0.91,0.0952,none,normal,normal,
2025-06-01 00:19:00+00:00,SEG-002,cast_iron,1975,1.0,2,False,45.0,open_row,soil,0.85,53.92,0.09,0.0272,none,normal,normal,
2025-06-01 00:19:00+00:00,SEG-005B,PE,2010,4.0,2,False,30.0,below_pavement,asphalt,3.4011,103.67,0.91,0.036,none,normal,normal,
2025-06-01 00:19:00+00:00,SEG-001,PE,2008,4.0,3,True,8.0,below_pavement,asphalt,3.5957,120.24,1.33,0.061,none,normal,normal,
2025-06-01 00:19:00+00:00,SEG-004,PE,2015,4.0,3,True,5.0,below_pavement,concrete,3.5121,94.51,1.92,0.1128,none,normal,normal,
2025-06-01 00:19:00+00:00,SEG-005A,PE,2010,4.0,2,False,30.0,open_row,soil,3.4003,100.42,0.26,0.0244,none,normal,normal,
2025-06-01 00:19:00+00:00,SEG-003,steel,1992,7.0,1,False,120.0,open_row,grass,6.1971,312.91,0.45,0.0859,none,normal,normal,
2025-06-01 00:20:00+00:00,SEG-004,PE,2015,4.0,3,True,5.0,below_pavement,concrete,3.491,94.49,1.79,0.0353,none,normal,normal,
2025-06-01 00:20:00+00:00,SEG-002,cast_iron,1975,1.0,2,False,45.0,open_row,soil,0.8781,58.14,1.14,0.0624,none,normal,normal,
2025-06-01 00:20:00+00:00,SEG-005A,PE,2010,4.0,2,False,30.0,open_row,soil,3.4042,97.09,1.91,0.0365,none,normal,normal,
2025-06-01 00:20:00+00:00,SEG-005B,PE,2010,4.0,2,False,30.0,below_pavement,asphalt,3.4015,100.62,0.52,0.0879,none,normal,normal,
2025-06-01 00:20:00+00:00,SEG-001,PE,2008,4.0,3,True,8.0,below_pavement,asphalt,3.6046,119.01,0.05,0.0135,none,normal,normal,
2025-06-01 00:20:00+00:00,SEG-003,steel,1992,7.0,1,False,120.0,open_row,grass,6.2035,309.39,1.3,0.0979,none,normal,normal,
2025-06-01 00:21:00+00:00,SEG-005B,PE,2010,4.0,2,False,30.0,below_pavement,asphalt,3.3985,102.18,1.63,0.1291,none,normal,normal,
2025-06-01 00:21:00+00:00,SEG-001,PE,2008,4.0,3,True,8.0,below_pavement,asphalt,3.588,120.73,0.32,0.0752,none,normal,normal,
2025-06-01 00:21:00+00:00,SEG-002,cast_iron,1975,1.0,2,False,45.0,open_row,soil,0.8424,53.33,1.67,0.0078,none,normal,normal,
2025-06-01 00:21:00+00:00,SEG-003,steel,1992,7.0,1,False,120.0,open_row,grass,6.2062,309.49,1.1,0.0647,none,normal,normal,
2025-06-01 00:21:00+00:00,SEG-005A,PE,2010,4.0,2,False,30.0,open_row,soil,3.3856,99.91,1.76,0.0417,none,normal,normal,
2025-06-01 00:21:00+00:00,SEG-004,PE,2015,4.0,3,True,5.0,below_pavement,concrete,3.4838,95.72,1.06,0.1113,none,normal,normal,
2025-06-01 00:22:00+00:00,SEG-005A,PE,2010,4.0,2,False,30.0,open_row,soil,3.4083,97.99,1.04,0.0703,none,normal,normal,
2025-06-01 00:22:00+00:00,SEG-002,cast_iron,1975,1.0,2,False,45.0,open_row,soil,0.8548,52.38,1.69,0.1354,none,normal,normal,
2025-06-01 00:22:00+00:00,SEG-003,steel,1992,7.0,1,False,120.0,open_row,grass,6.2001,313.9,1.03,0.1105,none,normal,normal,
2025-06-01 00:22:00+00:00,SEG-004,PE,2015,4.0,3,True,5.0,below_pavement,concrete,3.5078,95.41,0.6,0.0362,none,normal,normal,
2025-06-01 00:22:00+00:00,SEG-005B,PE,2010,4.0,2,False,30.0,below_pavement,asphalt,3.3936,99.91,0.67,0.1196,none,normal,normal,
2025-06-01 00:22:00+00:00,SEG-001,PE,2008,4.0,3,True,8.0,below_pavement,asphalt,3.6048,120.67,0.89,0.0572,none,normal,normal,
2025-06-01 00:23:00+00:00,SEG-005A,PE,2010,4.0,2,False,30.0,open_row,soil,3.3995,100.42,0.96,0.1439,none,normal,normal,
2025-06-01 00:23:00+00:00,SEG-003,steel,1992,7.0,1,False,120.0,open_row,grass,6.2009,310.87,1.01,0.078,none,normal,normal,
2025-06-01 00:23:00+00:00,SEG-005B,PE,2010,4.0,2,False,30.0,below_pavement,asphalt,3.4145,99.88,1.55,0.0174,none,normal,normal,
2025-06-01 00:23:00+00:00,SEG-002,cast_iron,1975,1.0,2,False,45.0,open_row,soil,0.8389,54.29,1.56,0.0964,none,normal,normal,
2025-06-01 00:23:00+00:00,SEG-001,PE,2008,4.0,3,True,8.0,below_pavement,asphalt,3.5958,119.88,0.72,0.0131,none,normal,normal,
2025-06-01 00:23:00+00:00,SEG-004,PE,2015,4.0,3,True,5.0,below_pavement,concrete,3.5084,95.52,1.75,0.0425,none,normal,normal,
2025-06-01 00:24:00+00:00,SEG-003,steel,1992,7.0,1,False,120.0,open_row,grass,6.1922,310.65,1.67,0.0741,none,normal,normal,
2025-06-01 00:24:00+00:00,SEG-001,PE,2008,4.0,3,True,8.0,below_pavement,asphalt,3.5868,118.5,1.82,0.105,none,normal,normal,
2025-06-01 00:24:00+00:00,SEG-004,PE,2015,4.0,3,True,5.0,below_pavement,concrete,3.5042,95.58,1.57,0.0658,none,normal,normal,
2025-06-01 00:24:00+00:00,SEG-005A,PE,2010,4.0,2,False,30.0,open_row,soil,3.4006,97.16,0.22,0.0379,none,normal,normal,
2025-06-01 00:24:00+00:00,SEG-002,cast_iron,1975,1.0,2,False,45.0,open_row,soil,0.8471,54.84,1.07,0.0771,none,normal,normal,
2025-06-01 00:24:00+00:00,SEG-005B,PE,2010,4.0,2,False,30.0,below_pavement,asphalt,3.3977,97.61,0.39,0.0231,none,normal,normal,
2025-06-01 00:25:00+00:00,SEG-004,PE,2015,4.0,3,True,5.0,below_pavement,concrete,3.5063,96.88,1.35,0.1222,none,normal,normal,
2025-06-01 00:25:00+00:00,SEG-002,cast_iron,1975,1.0,2,False,45.0,open_row,soil,0.8647,51.15,0.77,0.0959,none,normal,normal,
2025-06-01 00:25:00+00:00,SEG-005A,PE,2010,4.0,2,False,30.0,open_row,soil,3.3978,99.84,1.75,0.1352,none,normal,normal,
2025-06-01 00:25:00+00:00,SEG-005B,PE,2010,4.0,2,False,30.0,below_pavement,asphalt,3.4132,104.21,1.87,0.1471,none,normal,normal,
2025-06-01 00:25:00+00:00,SEG-001,PE,2008,4.0,3,True,8.0,below_pavement,asphalt,3.5962,121.95,1.56,0.1075,none,normal,normal,
2025-06-01 00:25:00+00:00,SEG-003,steel,1992,7.0,1,False,120.0,open_row,grass,6.2061,311.0,1.68,0.0083,none,normal,normal,
2025-06-01 00:26:00+00:00,SEG-005A,PE,2010,4.0,2,False,30.0,open_row,soil,3.4095,98.33,1.91,0.0108,none,normal,normal,
2025-06-01 00:26:00+00:00,SEG-002,cast_iron,1975,1.0,2,False,45.0,open_row,soil,0.853,54.44,0.96,0.0625,none,normal,normal,
2025-06-01 00:26:00+00:00,SEG-003,steel,1992,7.0,1,False,120.0,open_row,grass,6.1971,310.68,0.35,0.0471,none,normal,normal,
2025-06-01 00:26:00+00:00,SEG-005B,PE,2010,4.0,2,False,30.0,below_pavement,asphalt,3.4024,99.77,1.58,0.0406,none,normal,normal,
2025-06-01 00:26:00+00:00,SEG-004,PE,2015,4.0,3,True,5.0,below_pavement,concrete,3.495,94.35,0.37,0.0843,none,normal,normal,
2025-06-01 00:26:00+00:00,SEG-001,PE,2008,4.0,3,True,8.0,below_pavement,asphalt,3.5907,119.69,0.19,0.1354,none,normal,normal,
2025-06-01 00:27:00+00:00,SEG-001,PE,2008,4.0,3,True,8.0,below_pavement,asphalt,3.6084,117.41,0.61,0.0869,none,normal,normal,
2025-06-01 00:27:00+00:00,SEG-005A,PE,2010,4.0,2,False,30.0,open_row,soil,3.4029,101.87,1.11,0.0145,none,normal,normal,
2025-06-01 00:27:00+00:00,SEG-004,PE,2015,4.0,3,True,5.0,below_pavement,concrete,3.515,94.31,1.91,0.0769,none,normal,normal,
2025-06-01 00:27:00+00:00,SEG-002,cast_iron,1975,1.0,2,False,45.0,open_row,soil,0.8673,52.7,0.73,0.0491,none,normal,normal,
2025-06-01 00:27:00+00:00,SEG-005B,PE,2010,4.0,2,False,30.0,below_pavement,asphalt,3.4011,99.39,0.22,0.1249,none,normal,normal,
2025-06-01 00:27:00+00:00,SEG-003,steel,1992,7.0,1,False,120.0,open_row,grass,6.1817,309.5,1.65,0.1285,none,normal,normal,
2025-06-01 00:28:00+00:00,SEG-005B,PE,2010,4.0,2,False,30.0,below_pavement,asphalt,3.4065,99.58,1.1,0.0751,none,normal,normal,
2025-06-01 00:28:00+00:00,SEG-001,PE,2008,4.0,3,True,8.0,below_pavement,asphalt,3.5941,117.83,1.52,0.1079,none,normal,normal,
2025-06-01 00:28:00+00:00,SEG-002,cast_iron,1975,1.0,2,False,45.0,open_row,soil,0.8494,53.42,0.59,0.1423,none,normal,normal,
2025-06-01 00:28:00+00:00,SEG-003,steel,1992,7.0,1,False,120.0,open_row,grass,6.2136,311.34,1.2,0.018,none,normal,normal,
2025-06-01 00:28:00+00:00,SEG-004,PE,2015,4.0,3,True,5.0,below_pavement,concrete,3.4975,96.43,1.92,0.0155,none,normal,normal,
2025-06-01 00:28:00+00:00,SEG-005A,PE,2010,4.0,2,False,30.0,open_row,soil,3.383,98.75,1.08,0.0248,none,normal,normal,
2025-06-01 00:29:00+00:00,SEG-001,PE,2008,4.0,3,True,8.0,below_pavement,asphalt,3.6023,120.03,1.17,0.0975,none,normal,normal,
2025-06-01 00:29:00+00:00,SEG-003,steel,1992,7.0,1,False,120.0,open_row,grass,6.1704,309.18,1.99,0.1158,none,normal,normal,
2025-06-01 00:29:00+00:00,SEG-004,PE,2015,4.0,3,True,5.0,below_pavement,concrete,3.4922,91.52,0.13,0.0683,none,normal,normal,
2025-06-01 00:29:00+00:00,SEG-005A,PE,2010,4.0,2,False,30.0,open_row,soil,3.4004,99.53,1.7,0.0876,none,normal,normal,
2025-06-01 00:29:00+00:00,SEG-002,cast_iron,1975,1.0,2,False,45.0,open_row,soil,0.8558,57.6,0.66,0.0803,none,normal,normal,
2025-06-01 00:29:00+00:00,SEG-005B,PE,2010,4.0,2,False,30.0,below_pavement,asphalt,3.4079,100.27,1.98,0.1499,none,normal,normal,
2025-06-01 00:30:00+00:00,SEG-002,cast_iron,1975,1.0,2,False,45.0,open_row,soil,0.8674,55.66,1.61,0.0799,none,normal,normal,
2025-06-01 00:30:00+00:00,SEG-004,PE,2015,4.0,3,True,5.0,below_pavement,concrete,3.498,96.67,0.1,0.0167,none,normal,normal,
2025-06-01 00:30:00+00:00,SEG-005B,PE,2010,4.0,2,False,30.0,below_pavement,asphalt,3.3993,102.37,1.46,0.1465,none,normal,normal,
2025-06-01 00:30:00+00:00,SEG-005A,PE,2010,4.0,2,False,30.0,open_row,soil,3.3914,100.72,0.74,0.0607,none,normal,normal,
2025-06-01 00:30:00+00:00,SEG-003,steel,1992,7.0,1,False,120.0,open_row,grass,6.1944,310.7,1.41,0.0582,none,normal,normal,
2025-06-01 00:30:00+00:00,SEG-001,PE,2008,4.0,3,True,8.0,below_pavement,asphalt,3.5898,120.27,0.08,0.0741,none,normal,normal,
2025-06-01 00:31:00+00:00,SEG-001,PE,2008,4.0,3,True,8.0,below_pavement,asphalt,3.6084,120.54,0.21,0.0881,none,normal,normal,
2025-06-01 00:31:00+00:00,SEG-003,steel,1992,7.0,1,False,120.0,open_row,grass,6.201,309.87,0.42,0.0788,none,normal,normal,
2025-06-01 00:31:00+00:00,SEG-005B,PE,2010,4.0,2,False,30.0,below_pavement,asphalt,3.4124,101.7,0.85,0.0077,none,normal,normal,
2025-06-01 00:31:00+00:00,SEG-004,PE,2015,4.0,3,True,5.0,below_pavement,concrete,3.4994,96.57,1.4,0.0311,none,normal,normal,
2025-06-01 00:31:00+00:00,SEG-002,cast_iron,1975,1.0,2,False,45.0,open_row,soil,0.8507,53.95,1.47,0.0304,none,normal,normal,
2025-06-01 00:31:00+00:00,SEG-005A,PE,2010,4.0,2,False,30.0,open_row,soil,3.401,99.78,0.41,0.1412,none,normal,normal,
2025-06-01 00:32:00+00:00,SEG-005B,PE,2010,4.0,2,False,30.0,below_pavement,asphalt,3.4052,98.35,1.57,0.1248,none,normal,normal,
2025-06-01 00:32:00+00:00,SEG-005A,PE,2010,4.0,2,False,30.0,open_row,soil,3.4206,99.66,0.2,0.0397,none,normal,normal,
2025-06-01 00:32:00+00:00,SEG-002,cast_iron,1975,1.0,2,False,45.0,open_row,soil,0.8578,54.71,1.23,0.0143,none,normal,normal,
2025-06-01 00:32:00+00:00,SEG-004,PE,2015,4.0,3,True,5.0,below_pavement,concrete,3.5056,94.67,0.83,0.0002,none,normal,normal,
2025-06-01 00:32:00+00:00,SEG-001,PE,2008,4.0,3,True,8.0,below_pavement,asphalt,3.5936,118.61,1.16,0.052,none,normal,normal,
2025-06-01 00:32:00+00:00,SEG-003,steel,1992,7.0,1,False,120.0,open_row,grass,6.2067,308.97,1.67,0.1484,none,normal,normal,
2025-06-01 00:33:00+00:00,SEG-005B,PE,2010,4.0,2,False,30.0,below_pavement,asphalt,3.3921,101.96,0.64,0.1123,none,normal,normal,
2025-06-01 00:33:00+00:00,SEG-004,PE,2015,4.0,3,True,5.0,below_pavement,concrete,3.507,93.45,0.0,0.0762,none,normal,normal,
2025-06-01 00:33:00+00:00,SEG-003,steel,1992,7.0,1,False,120.0,open_row,grass,6.1903,308.67,1.98,0.0212,none,normal,normal,
2025-06-01 00:33:00+00:00,SEG-001,PE,2008,4.0,3,True,8.0,below_pavement,asphalt,3.6064,119.67,1.92,0.0723,none,normal,normal,
2025-06-01 00:33:00+00:00,SEG-005A,PE,2010,4.0,2,False,30.0,open_row,soil,3.3892,98.87,0.83,0.0675,none,normal,normal,
2025-06-01 00:33:00+00:00,SEG-002,cast_iron,1975,1.0,2,False,45.0,open_row,soil,0.8682,56.1,1.87,0.0206,none,normal,normal,
2025-06-01 00:34:00+00:00,SEG-001,PE,2008,4.0,3,True,8.0,below_pavement,asphalt,3.6031,121.26,0.97,0.0736,none,normal,normal,
2025-06-01 00:34:00+00:00,SEG-005B,PE,2010,4.0,2,False,30.0,below_pavement,asphalt,3.3973,98.27,1.79,0.0216,none,normal,normal,
2025-06-01 00:34:00+00:00,SEG-005A,PE,2010,4.0,2,False,30.0,open_row,soil,3.3938,101.48,1.7,0.1312,none,normal,normal,
2025-06-01 00:34:00+00:00,SEG-003,steel,1992,7.0,1,False,120.0,open_row,grass,6.214,309.34,0.16,0.1133,none,normal,normal,
2025-06-01 00:34:00+00:00,SEG-002,cast_iron,1975,1.0,2,False,45.0,open_row,soil,0.8383,54.22,1.19,0.1174,none,normal,normal,
2025-06-01 00:34:00+00:00,SEG-004,PE,2015,4.0,3,True,5.0,below_pavement,concrete,3.4878,92.65,0.86,0.1171,none,normal,normal,
2025-06-01 00:35:00+00:00,SEG-005B,PE,2010,4.0,2,False,30.0,below_pavement,asphalt,3.4008,101.7,0.31,0.0801,none,normal,normal,
2025-06-01 00:35:00+00:00,SEG-001,PE,2008,4.0,3,True,8.0,below_pavement,asphalt,3.6041,118.52,0.95,0.04,none,normal,normal,
2025-06-01 00:35:00+00:00,SEG-005A,PE,2010,4.0,2,False,30.0,open_row,soil,3.3904,100.79,0.5,0.0367,none,normal,normal,
2025-06-01 00:35:00+00:00,SEG-003,steel,1992,7.0,1,False,120.0,open_row,grass,6.2026,312.35,0.3,0.0271,none,normal,normal,
2025-06-01 00:35:00+00:00,SEG-004,PE,2015,4.0,3,True,5.0,below_pavement,concrete,3.4898,94.86,0.64,0.0364,none,normal,normal,
2025-06-01 00:35:00+00:00,SEG-002,cast_iron,1975,1.0,2,False,45.0,open_row,soil,0.843,53.48,0.51,0.0885,none,normal,normal,
2025-06-01 00:36:00+00:00,SEG-005B,PE,2010,4.0,2,False,30.0,below_pavement,asphalt,3.3901,100.68,0.0,0.0654,none,normal,normal,
2025-06-01 00:36:00+00:00,SEG-002,cast_iron,1975,1.0,2,False,45.0,open_row,soil,0.8433,55.47,1.13,0.0859,none,normal,normal,
2025-06-01 00:36:00+00:00,SEG-005A,PE,2010,4.0,2,False,30.0,open_row,soil,3.3968,98.7,1.78,0.1166,none,normal,normal,
2025-06-01 00:36:00+00:00,SEG-003,steel,1992,7.0,1,False,120.0,open_row,grass,6.1955,310.68,0.47,0.0438,none,normal,normal,
2025-06-01 00:36:00+00:00,SEG-004,PE,2015,4.0,3,True,5.0,below_pavement,concrete,3.485,93.62,0.46,0.0496,none,normal,normal,
2025-06-01 00:36:00+00:00,SEG-001,PE,2008,4.0,3,True,8.0,below_pavement,asphalt,3.5919,119.38,0.88,0.0032,none,normal,normal,
2025-06-01 00:37:00+00:00,SEG-001,PE,2008,4.0,3,True,8.0,below_pavement,asphalt,3.6107,120.24,0.28,0.0831,none,normal,normal,
2025-06-01 00:37:00+00:00,SEG-005B,PE,2010,4.0,2,False,30.0,below_pavement,asphalt,3.3976,99.72,1.3,0.1235,none,normal,normal,
2025-06-01 00:37:00+00:00,SEG-005A,PE,2010,4.0,2,False,30.0,open_row,soil,3.3983,102.82,1.06,0.0805,none,normal,normal,
2025-06-01 00:37:00+00:00,SEG-003,steel,1992,7.0,1,False,120.0,open_row,grass,6.1946,311.72,0.99,0.0126,none,normal,normal,
2025-06-01 00:37:00+00:00,SEG-002,cast_iron,1975,1.0,2,False,45.0,open_row,soil,0.8271,55.46,1.53,0.1199,none,normal,normal,
2025-06-01 00:37:00+00:00,SEG-004,PE,2015,4.0,3,True,5.0,below_pavement,concrete,3.5077,93.29,0.92,0.1067,none,normal,normal,
2025-06-01 00:38:00+00:00,SEG-005B,PE,2010,4.0,2,False,30.0,below_pavement,asphalt,3.399,99.63,1.72,0.1235,none,normal,normal,
2025-06-01 00:38:00+00:00,SEG-005A,PE,2010,4.0,2,False,30.0,open_row,soil,3.3977,100.11,0.25,0.1428,none,normal,normal,
2025-06-01 00:38:00+00:00,SEG-002,cast_iron,1975,1.0,2,False,45.0,open_row,soil,0.8662,51.91,1.86,0.018,none,normal,normal,
2025-06-01 00:38:00+00:00,SEG-001,PE,2008,4.0,3,True,8.0,below_pavement,asphalt,3.5833,119.27,0.56,0.0989,none,normal,normal,
2025-06-01 00:38:00+00:00,SEG-003,steel,1992,7.0,1,False,120.0,open_row,grass,6.1831,308.76,1.28,0.0974,none,normal,normal,
2025-06-01 00:38:00+00:00,SEG-004,PE,2015,4.0,3,True,5.0,below_pavement,concrete,3.5006,95.82,0.28,0.1378,none,normal,normal,
2025-06-01 00:39:00+00:00,SEG-005B,PE,2010,4.0,2,False,30.0,below_pavement,asphalt,3.3974,98.97,0.19,0.0592,none,normal,normal,
2025-06-01 00:39:00+00:00,SEG-003,steel,1992,7.0,1,False,120.0,open_row,grass,6.1975,309.76,0.12,0.055,none,normal,normal,
2025-06-01 00:39:00+00:00,SEG-004,PE,2015,4.0,3,True,5.0,below_pavement,concrete,3.5016,96.17,0.06,0.0166,none,normal,normal,
2025-06-01 00:39:00+00:00,SEG-005A,PE,2010,4.0,2,False,30.0,open_row,soil,3.4117,102.47,0.33,0.0832,none,normal,normal,
2025-06-01 00:39:00+00:00,SEG-002,cast_iron,1975,1.0,2,False,45.0,open_row,soil,0.8342,57.21,1.32,0.0628,none,normal,normal,
2025-06-01 00:39:00+00:00,SEG-001,PE,2008,4.0,3,True,8.0,below_pavement,asphalt,3.6177,120.2,0.22,0.1374,none,normal,normal,
2025-06-01 00:40:00+00:00,SEG-003,steel,1992,7.0,1,False,120.0,open_row,grass,6.2071,310.99,1.69,0.0724,none,normal,normal,
2025-06-01 00:40:00+00:00,SEG-004,PE,2015,4.0,3,True,5.0,below_pavement,concrete,3.4775,96.5,1.14,0.0885,none,normal,normal,
2025-06-01 00:40:00+00:00,SEG-001,PE,2008,4.0,3,True,8.0,below_pavement,asphalt,3.5882,118.55,1.11,0.0556,none,normal,normal,
2025-06-01 00:40:00+00:00,SEG-005B,PE,2010,4.0,2,False,30.0,below_pavement,asphalt,3.4129,100.09,1.5,0.0756,none,normal,normal,
2025-06-01 00:40:00+00:00,SEG-002,cast_iron,1975,1.0,2,False,45.0,open_row,soil,0.8443,56.22,0.67,0.1348,none,normal,normal,
2025-06-01 00:40:00+00:00,SEG-005A,PE,2010,4.0,2,False,30.0,open_row,soil,3.3885,99.87,0.06,0.0178,none,normal,normal,
2025-06-01 00:41:00+00:00,SEG-005A,PE,2010,4.0,2,False,30.0,open_row,soil,3.4021,101.33,1.22,0.0698,none,normal,normal,
2025-06-01 00:41:00+00:00,SEG-002,cast_iron,1975,1.0,2,False,45.0,open_row,soil,0.8523,55.41,0.73,0.0472,none,normal,normal,
2025-06-01 00:41:00+00:00,SEG-001,PE,2008,4.0,3,True,8.0,below_pavement,asphalt,3.5918,121.26,0.63,0.1429,none,normal,normal,
2025-06-01 00:41:00+00:00,SEG-003,steel,1992,7.0,1,False,120.0,open_row,grass,6.203,313.05,1.01,0.1364,none,normal,normal,
2025-06-01 00:41:00+00:00,SEG-005B,PE,2010,4.0,2,False,30.0,below_pavement,asphalt,3.4,102.58,0.74,0.0329,none,normal,normal,
2025-06-01 00:41:00+00:00,SEG-004,PE,2015,4.0,3,True,5.0,below_pavement,concrete,3.4814,95.15,1.71,0.0929,none,normal,normal,
2025-06-01 00:42:00+00:00,SEG-005A,PE,2010,4.0,2,False,30.0,open_row,soil,3.4029,99.47,0.37,0.1483,none,normal,normal,
2025-06-01 00:42:00+00:00,SEG-001,PE,2008,4.0,3,True,8.0,below_pavement,asphalt,3.6038,119.77,0.51,0.1404,none,normal,normal,
2025-06-01 00:42:00+00:00,SEG-003,steel,1992,7.0,1,False,120.0,open_row,grass,6.1925,308.45,0.68,0.0748,none,normal,normal,
2025-06-01 00:42:00+00:00,SEG-005B,PE,2010,4.0,2,False,30.0,below_pavement,asphalt,3.3946,100.02,0.24,0.0129,none,normal,normal,
2025-06-01 00:42:00+00:00,SEG-004,PE,2015,4.0,3,True,5.0,below_pavement,concrete,3.5052,94.44,1.71,0.0381,none,normal,normal,
2025-06-01 00:42:00+00:00,SEG-002,cast_iron,1975,1.0,2,False,45.0,open_row,soil,0.8485,55.58,1.87,0.0657,none,normal,normal,
2025-06-01 00:43:00+00:00,SEG-002,cast_iron,1975,1.0,2,False,45.0,open_row,soil,0.8487,57.22,1.11,0.1404,none,normal,normal,
2025-06-01 00:43:00+00:00,SEG-001,PE,2008,4.0,3,True,8.0,below_pavement,asphalt,3.6045,119.32,0.87,0.1489,none,normal,normal,
2025-06-01 00:43:00+00:00,SEG-003,steel,1992,7.0,1,False,120.0,open_row,grass,6.1949,308.67,0.8,0.1376,none,normal,normal,
2025-06-01 00:43:00+00:00,SEG-004,PE,2015,4.0,3,True,5.0,below_pavement,concrete,3.497,93.48,1.21,0.1477,none,normal,normal,
2025-06-01 00:43:00+00:00,SEG-005A,PE,2010,4.0,2,False,30.0,open_row,soil,3.4038,94.53,0.94,0.0229,none,normal,normal,
2025-06-01 00:43:00+00:00,SEG-005B,PE,2010,4.0,2,False,30.0,below_pavement,asphalt,3.3962,101.53,1.65,0.0598,none,normal,normal,
2025-06-01 00:44:00+00:00,SEG-002,cast_iron,1975,1.0,2,False,45.0,open_row,soil,0.852,56.27,0.75,0.148,none,normal,normal,
2025-06-01 00:44:00+00:00,SEG-003,steel,1992,7.0,1,False,120.0,open_row,grass,6.2005,308.85,0.68,0.0287,none,normal,normal,
2025-06-01 00:44:00+00:00,SEG-001,PE,2008,4.0,3,True,8.0,below_pavement,asphalt,3.6017,122.37,1.78,0.134,none,normal,normal,
2025-06-01 00:44:00+00:00,SEG-004,PE,2015,4.0,3,True,5.0,below_pavement,concrete,3.5114,93.62,0.64,0.1199,none,normal,normal,
2025-06-01 00:44:00+00:00,SEG-005A,PE,2010,4.0,2,False,30.0,open_row,soil,3.4048,98.26,0.1,0.0514,none,normal,normal,
2025-06-01 00:44:00+00:00,SEG-005B,PE,2010,4.0,2,False,30.0,below_pavement,asphalt,3.4096,100.41,1.31,0.0673,none,normal,normal,
2025-06-01 00:45:00+00:00,SEG-001,PE,2008,4.0,3,True,8.0,below_pavement,asphalt,3.6029,121.96,1.54,0.0992,none,normal,normal,
2025-06-01 00:45:00+00:00,SEG-003,steel,1992,7.0,1,False,120.0,open_row,grass,6.1984,309.02,0.9,0.0461,none,normal,normal,
2025-06-01 00:45:00+00:00,SEG-002,cast_iron,1975,1.0,2,False,45.0,open_row,soil,0.8586,56.26,0.24,0.1276,none,normal,normal,
2025-06-01 00:45:00+00:00,SEG-004,PE,2015,4.0,3,True,5.0,below_pavement,concrete,3.5044,96.87,0.83,0.0476,none,normal,normal,
2025-06-01 00:45:00+00:00,SEG-005B,PE,2010,4.0,2,False,30.0,below_pavement,asphalt,3.4011,100.0,1.95,0.1309,none,normal,normal,
2025-06-01 00:45:00+00:00,SEG-005A,PE,2010,4.0,2,False,30.0,open_row,soil,3.3952,103.36,1.5,0.119,none,normal,normal,
2025-06-01 00:46:00+00:00,SEG-001,PE,2008,4.0,3,True,8.0,below_pavement,asphalt,3.6111,120.64,1.49,0.0394,none,normal,normal,
2025-06-01 00:46:00+00:00,SEG-003,steel,1992,7.0,1,False,120.0,open_row,grass,6.1855,309.9,0.56,0.1055,none,normal,normal,
2025-06-01 00:46:00+00:00,SEG-004,PE,2015,4.0,3,True,5.0,below_pavement,concrete,3.5064,95.51,0.69,0.0029,none,normal,normal,
2025-06-01 00:46:00+00:00,SEG-005B,PE,2010,4.0,2,False,30.0,below_pavement,asphalt,3.3858,98.22,1.31,0.0434,none,normal,normal,
2025-06-01 00:46:00+00:00,SEG-005A,PE,2010,4.0,2,False,30.0,open_row,soil,3.4162,100.2,0.88,0.0959,none,normal,normal,
2025-06-01 00:46:00+00:00,SEG-002,cast_iron,1975,1.0,2,False,45.0,open_row,soil,0.8479,51.99,1.18,0.1029,none,normal,normal,
2025-06-01 00:47:00+00:00,SEG-005B,PE,2010,4.0,2,False,30.0,below_pavement,asphalt,3.3849,98.52,1.1,0.1243,none,normal,normal,
2025-06-01 00:47:00+00:00,SEG-003,steel,1992,7.0,1,False,120.0,open_row,grass,6.2019,307.82,1.24,0.0716,none,normal,normal,
2025-06-01 00:47:00+00:00,SEG-004,PE,2015,4.0,3,True,5.0,below_pavement,concrete,3.4944,93.08,1.42,0.1108,none,normal,normal,
2025-06-01 00:47:00+00:00,SEG-005A,PE,2010,4.0,2,False,30.0,open_row,soil,3.3996,97.95,0.56,0.0093,none,normal,normal,
2025-06-01 00:47:00+00:00,SEG-002,cast_iron,1975,1.0,2,False,45.0,open_row,soil,0.8511,56.96,1.65,0.0443,none,normal,normal,
2025-06-01 00:47:00+00:00,SEG-001,PE,2008,4.0,3,True,8.0,below_pavement,asphalt,3.5878,117.95,0.25,0.1247,none,normal,normal,
2025-06-01 00:48:00+00:00,SEG-005B,PE,2010,4.0,2,False,30.0,below_pavement,asphalt,3.418,99.38,0.1,0.0902,none,normal,normal,
2025-06-01 00:48:00+00:00,SEG-002,cast_iron,1975,1.0,2,False,45.0,open_row,soil,0.834,53.81,0.6,0.1378,none,normal,normal,
2025-06-01 00:48:00+00:00,SEG-003,steel,1992,7.0,1,False,120.0,open_row,grass,6.1975,310.55,1.44,0.1445,none,normal,normal,
2025-06-01 00:48:00+00:00,SEG-004,PE,2015,4.0,3,True,5.0,below_pavement,concrete,3.5136,95.38,1.19,0.0189,none,normal,normal,
2025-06-01 00:48:00+00:00,SEG-001,PE,2008,4.0,3,True,8.0,below_pavement,asphalt,3.5982,119.43,1.2,0.1312,none,normal,normal,
2025-06-01 00:48:00+00:00,SEG-005A,PE,2010,4.0,2,False,30.0,open_row,soil,3.4092,100.05,0.3,0.0948,none,normal,normal,
2025-06-01 00:49:00+00:00,SEG-002,cast_iron,1975,1.0,2,False,45.0,open_row,soil,0.8528,52.88,1.99,0.1319,none,normal,normal,
2025-06-01 00:49:00+00:00,SEG-004,PE,2015,4.0,3,True,5.0,below_pavement,concrete,3.502,93.36,0.35,0.0761,none,normal,normal,
2025-06-01 00:49:00+00:00,SEG-005B,PE,2010,4.0,2,False,30.0,below_pavement,asphalt,3.3809,99.82,0.84,0.1137,none,normal,normal,
2025-06-01 00:49:00+00:00,SEG-001,PE,2008,4.0,3,True,8.0,below_pavement,asphalt,3.6141,118.66,1.55,0.1458,none,normal,normal,
2025-06-01 00:49:00+00:00,SEG-003,steel,1992,7.0,1,False,120.0,open_row,grass,6.1971,308.39,0.23,0.1099,none,normal,normal,
2025-06-01 00:49:00+00:00,SEG-005A,PE,2010,4.0,2,False,30.0,open_row,soil,3.4022,100.93,0.64,0.1089,none,normal,normal,
2025-06-01 06:00:00+00:00,SEG-001,PE,2008,4.0,3,True,8.0,below_pavement,asphalt,3.584,118.86,0.77,0.0406,none,normal,normal,
2025-06-01 06:01:00+00:00,SEG-001,PE,2008,4.0,3,True,8.0,below_pavement,asphalt,3.6042,118.02,1.13,0.1015,none,normal,normal,
2025-06-01 06:02:00+00:00,SEG-001,PE,2008,4.0,3,True,8.0,below_pavement,asphalt,3.6063,119.98,0.42,0.1342,none,normal,normal,
2025-06-01 06:03:00+00:00,SEG-001,PE,2008,4.0,3,True,8.0,below_pavement,asphalt,3.6037,120.92,1.78,0.0705,none,normal,normal,
2025-06-01 06:04:00+00:00,SEG-001,PE,2008,4.0,3,True,8.0,below_pavement,asphalt,3.6101,119.62,0.12,0.0323,none,normal,normal,
2025-06-01 06:05:00+00:00,SEG-001,PE,2008,4.0,3,True,8.0,below_pavement,asphalt,3.4754,112.74,38.92,0.6886,methane+acoustic+pressure,escalation,leak,1.0
2025-06-01 06:06:00+00:00,SEG-001,PE,2008,4.0,3,True,8.0,below_pavement,asphalt,3.4776,112.21,32.88,0.6839,methane+acoustic+pressure,escalation,leak,1.0
2025-06-01 06:07:00+00:00,SEG-001,PE,2008,4.0,3,True,8.0,below_pavement,asphalt,3.4766,111.64,34.8,0.7175,methane+acoustic+pressure,escalation,leak,1.0
2025-06-01 06:08:00+00:00,SEG-001,PE,2008,4.0,3,True,8.0,below_pavement,asphalt,3.4815,112.44,33.24,0.8641,methane+acoustic+pressure,escalation,leak,1.0
2025-06-01 06:09:00+00:00,SEG-001,PE,2008,4.0,3,True,8.0,below_pavement,asphalt,3.4764,110.67,34.02,0.7407,methane+acoustic+pressure,escalation,leak,1.0
2025-06-01 06:10:00+00:00,SEG-001,PE,2008,4.0,3,True,8.0,below_pavement,asphalt,3.4688,111.4,32.24,0.6595,methane+acoustic+pressure,escalation,leak,1.0
2025-06-01 06:11:00+00:00,SEG-001,PE,2008,4.0,3,True,8.0,below_pavement,asphalt,3.4865,112.21,37.65,0.7478,methane+acoustic+pressure,escalation,leak,1.0
2025-06-01 06:12:00+00:00,SEG-001,PE,2008,4.0,3,True,8.0,below_pavement,asphalt,3.4826,112.36,36.57,0.705,methane+acoustic+pressure,escalation,leak,1.0
2025-06-01 08:00:00+00:00,SEG-002,cast_iron,1975,1.0,2,False,45.0,open_row,soil,0.8442,55.84,1.61,0.0256,none,normal,normal,
2025-06-01 08:01:00+00:00,SEG-002,cast_iron,1975,1.0,2,False,45.0,open_row,soil,0.8388,53.22,0.99,0.1456,none,normal,normal,
2025-06-01 08:02:00+00:00,SEG-002,cast_iron,1975,1.0,2,False,45.0,open_row,soil,0.8509,55.49,1.17,0.0192,none,normal,normal,
2025-06-01 08:03:00+00:00,SEG-002,cast_iron,1975,1.0,2,False,45.0,open_row,soil,0.8557,55.93,0.21,0.1299,none,normal,normal,
2025-06-01 08:04:00+00:00,SEG-002,cast_iron,1975,1.0,2,False,45.0,open_row,soil,0.84,57.53,0.82,0.0647,none,normal,normal,
2025-06-01 08:05:00+00:00,SEG-002,cast_iron,1975,1.0,2,False,45.0,open_row,soil,0.8355,54.83,18.1,0.3376,methane+acoustic,inspection,leak,2.0
2025-06-01 08:06:00+00:00,SEG-002,cast_iron,1975,1.0,2,False,45.0,open_row,soil,0.8621,54.2,15.66,0.379,methane+acoustic,inspection,leak,2.0
2025-06-01 08:07:00+00:00,SEG-002,cast_iron,1975,1.0,2,False,45.0,open_row,soil,0.845,55.77,18.45,0.3282,methane+acoustic,inspection,leak,2.0
2025-06-01 08:08:00+00:00,SEG-002,cast_iron,1975,1.0,2,False,45.0,open_row,soil,0.8461,56.0,17.94,0.4022,methane+acoustic,inspection,leak,2.0
2025-06-01 08:09:00+00:00,SEG-002,cast_iron,1975,1.0,2,False,45.0,open_row,soil,0.8464,54.95,18.15,0.3739,methane+acoustic,inspection,leak,2.0
2025-06-01 08:10:00+00:00,SEG-002,cast_iron,1975,1.0,2,False,45.0,open_row,soil,0.8553,55.65,17.83,0.3249,methane+acoustic,inspection,leak,2.0
2025-06-01 08:11:00+00:00,SEG-002,cast_iron,1975,1.0,2,False,45.0,open_row,soil,0.8616,54.63,18.89,0.3961,methane+acoustic,inspection,leak,2.0
2025-06-01 08:12:00+00:00,SEG-002,cast_iron,1975,1.0,2,False,45.0,open_row,soil,0.8502,54.4,18.56,0.3313,methane+acoustic,inspection,leak,2.0
2025-06-01 10:00:00+00:00,SEG-003,steel,1992,7.0,1,False,120.0,open_row,grass,6.2162,310.55,0.05,0.1115,none,normal,normal,
2025-06-01 10:01:00+00:00,SEG-003,steel,1992,7.0,1,False,120.0,open_row,grass,6.1783,306.98,0.93,0.0008,none,normal,normal,
2025-06-01 10:02:00+00:00,SEG-003,steel,1992,7.0,1,False,120.0,open_row,grass,6.2025,308.01,1.76,0.056,none,normal,normal,
2025-06-01 10:03:00+00:00,SEG-003,steel,1992,7.0,1,False,120.0,open_row,grass,6.2082,310.25,0.32,0.1162,none,normal,normal,
2025-06-01 10:04:00+00:00,SEG-003,steel,1992,7.0,1,False,120.0,open_row,grass,6.1787,310.39,1.93,0.1445,none,normal,normal,
2025-06-01 10:05:00+00:00,SEG-003,steel,1992,7.0,1,False,120.0,open_row,grass,6.1855,310.11,7.34,0.1969,methane,inspection,leak,3.0
2025-06-01 10:06:00+00:00,SEG-003,steel,1992,7.0,1,False,120.0,open_row,grass,6.2113,309.5,5.92,0.2323,methane,inspection,leak,3.0
2025-06-01 10:07:00+00:00,SEG-003,steel,1992,7.0,1,False,120.0,open_row,grass,6.2185,304.44,5.52,0.2001,methane,inspection,leak,3.0
2025-06-01 10:08:00+00:00,SEG-003,steel,1992,7.0,1,False,120.0,open_row,grass,6.2121,308.65,7.65,0.1964,methane,inspection,leak,3.0
2025-06-01 10:09:00+00:00,SEG-003,steel,1992,7.0,1,False,120.0,open_row,grass,6.2275,309.59,8.4,0.2313,methane,inspection,leak,3.0
2025-06-01 10:10:00+00:00,SEG-003,steel,1992,7.0,1,False,120.0,open_row,grass,6.2179,308.48,8.38,0.1903,methane,inspection,leak,3.0
2025-06-01 10:11:00+00:00,SEG-003,steel,1992,7.0,1,False,120.0,open_row,grass,6.1766,310.46,7.44,0.2196,methane,inspection,leak,3.0
2025-06-01 10:12:00+00:00,SEG-003,steel,1992,7.0,1,False,120.0,open_row,grass,6.1762,309.75,8.97,0.2259,methane,inspection,leak,3.0
2025-06-01 12:00:00+00:00,SEG-002,cast_iron,1975,1.0,2,False,45.0,open_row,soil,0.8574,52.18,0.19,0.1421,none,normal,normal,
2025-06-01 12:01:00+00:00,SEG-002,cast_iron,1975,1.0,2,False,45.0,open_row,soil,0.8527,55.62,1.95,0.0121,none,normal,normal,
2025-06-01 12:02:00+00:00,SEG-002,cast_iron,1975,1.0,2,False,45.0,open_row,soil,0.8566,59.07,1.27,0.0644,none,normal,normal,
2025-06-01 12:03:00+00:00,SEG-002,cast_iron,1975,1.0,2,False,45.0,open_row,soil,0.8543,55.66,1.07,0.149,none,normal,normal,
2025-06-01 12:04:00+00:00,SEG-002,cast_iron,1975,1.0,2,False,45.0,open_row,soil,0.8731,55.49,1.41,0.0453,none,normal,normal,
2025-06-01 12:05:00+00:00,SEG-002,cast_iron,1975,1.0,2,False,45.0,open_row,soil,0.8556,53.71,1.95,0.0449,none,normal,sensor_drift,
2025-06-01 12:06:00+00:00,SEG-002,cast_iron,1975,1.0,2,False,45.0,open_row,soil,0.8547,54.62,2.98,0.0883,none,normal,sensor_drift,
2025-06-01 12:07:00+00:00,SEG-002,cast_iron,1975,1.0,2,False,45.0,open_row,soil,0.8475,54.62,3.35,0.0418,none,normal,sensor_drift,
2025-06-01 12:08:00+00:00,SEG-002,cast_iron,1975,1.0,2,False,45.0,open_row,soil,0.8586,54.62,4.86,0.0153,none,normal,sensor_drift,
2025-06-01 12:09:00+00:00,SEG-002,cast_iron,1975,1.0,2,False,45.0,open_row,soil,0.8633,56.25,5.39,0.0275,none,normal,sensor_drift,
2025-06-01 12:10:00+00:00,SEG-002,cast_iron,1975,1.0,2,False,45.0,open_row,soil,0.8583,55.4,6.48,0.0197,none,normal,sensor_drift,
2025-06-01 12:11:00+00:00,SEG-002,cast_iron,1975,1.0,2,False,45.0,open_row,soil,0.8536,55.56,6.0,0.0495,none,normal,sensor_drift,
2025-06-01 12:12:00+00:00,SEG-002,cast_iron,1975,1.0,2,False,45.0,open_row,soil,0.8647,56.23,7.69,0.0558,none,normal,sensor_drift,
2025-06-01 12:13:00+00:00,SEG-002,cast_iron,1975,1.0,2,False,45.0,open_row,soil,0.8484,53.25,6.97,0.0437,none,normal,sensor_drift,
2025-06-01 12:14:00+00:00,SEG-002,cast_iron,1975,1.0,2,False,45.0,open_row,soil,0.8391,55.34,9.25,0.075,none,normal,sensor_drift,
2025-06-01 14:00:00+00:00,SEG-001,PE,2008,4.0,3,True,8.0,below_pavement,asphalt,3.5908,118.99,1.22,0.0053,none,normal,normal,
2025-06-01 14:01:00+00:00,SEG-001,PE,2008,4.0,3,True,8.0,below_pavement,asphalt,3.6046,117.19,1.95,0.0328,none,normal,normal,
2025-06-01 14:02:00+00:00,SEG-001,PE,2008,4.0,3,True,8.0,below_pavement,asphalt,3.5982,120.86,1.95,0.0355,none,normal,normal,
2025-06-01 14:03:00+00:00,SEG-001,PE,2008,4.0,3,True,8.0,below_pavement,asphalt,3.5968,119.69,0.13,0.0293,none,normal,normal,
2025-06-01 14:04:00+00:00,SEG-001,PE,2008,4.0,3,True,8.0,below_pavement,asphalt,3.6069,120.38,1.07,0.0939,none,normal,normal,
2025-06-01 14:05:00+00:00,SEG-001,PE,2008,4.0,3,True,8.0,below_pavement,asphalt,3.2551,94.37,1.24,0.1037,pressure,hydraulic_check,operational_swing,
2025-06-01 14:06:00+00:00,SEG-001,PE,2008,4.0,3,True,8.0,below_pavement,asphalt,3.2626,97.05,0.18,0.0271,pressure,hydraulic_check,operational_swing,
2025-06-01 14:07:00+00:00,SEG-001,PE,2008,4.0,3,True,8.0,below_pavement,asphalt,3.26,96.46,0.76,0.0925,pressure,hydraulic_check,operational_swing,
2025-06-01 14:08:00+00:00,SEG-001,PE,2008,4.0,3,True,8.0,below_pavement,asphalt,3.2479,95.59,0.64,0.0784,pressure,hydraulic_check,operational_swing,
2025-06-01 14:09:00+00:00,SEG-001,PE,2008,4.0,3,True,8.0,below_pavement,asphalt,3.2409,96.24,0.46,0.0866,pressure,hydraulic_check,operational_swing,
2025-06-01 14:10:00+00:00,SEG-001,PE,2008,4.0,3,True,8.0,below_pavement,asphalt,3.2575,94.59,0.38,0.0129,pressure,hydraulic_check,operational_swing,
2025-06-01 14:11:00+00:00,SEG-001,PE,2008,4.0,3,True,8.0,below_pavement,asphalt,3.2336,95.36,1.02,0.0524,pressure,hydraulic_check,operational_swing,
2025-06-01 14:12:00+00:00,SEG-001,PE,2008,4.0,3,True,8.0,below_pavement,asphalt,3.2204,93.13,0.96,0.0506,pressure,hydraulic_check,operational_swing,
2025-06-01 16:00:00+00:00,SEG-003,steel,1992,7.0,1,False,120.0,open_row,grass,6.2036,307.91,0.46,0.0956,none,normal,normal,
2025-06-01 16:01:00+00:00,SEG-003,steel,1992,7.0,1,False,120.0,open_row,grass,6.2029,313.49,0.94,0.1345,none,normal,normal,
2025-06-01 16:02:00+00:00,SEG-003,steel,1992,7.0,1,False,120.0,open_row,grass,6.1941,309.51,1.64,0.0972,none,normal,normal,
2025-06-01 16:03:00+00:00,SEG-003,steel,1992,7.0,1,False,120.0,open_row,grass,6.196,312.2,1.28,0.1284,none,normal,normal,
2025-06-01 16:04:00+00:00,SEG-003,steel,1992,7.0,1,False,120.0,open_row,grass,6.2009,312.68,1.33,0.1008,none,normal,normal,
2025-06-01 16:05:00+00:00,SEG-003,steel,1992,7.0,1,False,120.0,open_row,grass,6.1928,308.72,28.0,0.05,none,normal,noise_spike,
2025-06-01 16:06:00+00:00,SEG-003,steel,1992,7.0,1,False,120.0,open_row,grass,6.2046,311.48,1.01,0.1105,none,normal,normal,
2025-06-01 16:07:00+00:00,SEG-003,steel,1992,7.0,1,False,120.0,open_row,grass,6.1864,307.86,1.49,0.0197,none,normal,normal,
2025-06-01 16:08:00+00:00,SEG-003,steel,1992,7.0,1,False,120.0,open_row,grass,6.2113,309.98,1.49,0.1342,none,normal,normal,
2025-06-01 16:09:00+00:00,SEG-003,steel,1992,7.0,1,False,120.0,open_row,grass,6.1984,313.14,1.91,0.0232,none,normal,normal,
2025-06-01 18:00:00+00:00,SEG-004,PE,2015,4.0,3,True,5.0,below_pavement,concrete,3.5171,95.67,1.06,0.1324,none,normal,normal,
2025-06-01 18:01:00+00:00,SEG-004,PE,2015,4.0,3,True,5.0,below_pavement,concrete,3.5033,96.17,0.35,0.0537,none,normal,normal,
2025-06-01 18:02:00+00:00,SEG-004,PE,2015,4.0,3,True,5.0,below_pavement,concrete,3.4863,95.49,0.55,0.0462,none,normal,normal,
2025-06-01 18:03:00+00:00,SEG-004,PE,2015,4.0,3,True,5.0,below_pavement,concrete,3.4998,94.07,1.41,0.0105,none,normal,normal,
2025-06-01 18:04:00+00:00,SEG-004,PE,2015,4.0,3,True,5.0,below_pavement,concrete,3.489,95.48,1.5,0.1223,none,normal,normal,
2025-06-01 18:05:00+00:00,SEG-004,PE,2015,4.0,3,True,5.0,below_pavement,concrete,3.495,96.33,22.64,0.5273,methane+acoustic,inspection,leak,1.0
2025-06-01 18:06:00+00:00,SEG-004,PE,2015,4.0,3,True,5.0,below_pavement,concrete,3.504,92.89,25.66,0.5415,methane+acoustic,inspection,leak,1.0
2025-06-01 18:07:00+00:00,SEG-004,PE,2015,4.0,3,True,5.0,below_pavement,concrete,3.5011,95.07,24.91,0.6299,methane+acoustic,inspection,leak,1.0
2025-06-01 18:08:00+00:00,SEG-004,PE,2015,4.0,3,True,5.0,below_pavement,concrete,3.484,93.32,26.1,0.5858,methane+acoustic,inspection,leak,1.0
2025-06-01 18:09:00+00:00,SEG-004,PE,2015,4.0,3,True,5.0,below_pavement,concrete,3.5105,94.68,25.42,0.5214,methane+acoustic,inspection,leak,1.0
2025-06-01 18:10:00+00:00,SEG-004,PE,2015,4.0,3,True,5.0,below_pavement,concrete,3.478,94.77,21.13,0.4993,methane+acoustic,inspection,leak,1.0
2025-06-01 18:11:00+00:00,SEG-004,PE,2015,4.0,3,True,5.0,below_pavement,concrete,3.5086,96.2,24.62,0.533,methane+acoustic,inspection,leak,1.0
2025-06-01 18:12:00+00:00,SEG-004,PE,2015,4.0,3,True,5.0,below_pavement,concrete,3.5049,95.56,24.66,0.4646,methane+acoustic,inspection,leak,1.0
2025-06-01 20:00:00+00:00,SEG-003,steel,1992,7.0,1,False,120.0,open_row,grass,6.2031,311.47,1.67,0.0163,none,normal,normal,
2025-06-01 20:01:00+00:00,SEG-003,steel,1992,7.0,1,False,120.0,open_row,grass,6.1904,311.12,1.7,0.1492,none,normal,normal,
2025-06-01 20:02:00+00:00,SEG-003,steel,1992,7.0,1,False,120.0,open_row,grass,6.2152,309.61,0.63,0.0602,none,normal,normal,
2025-06-01 20:03:00+00:00,SEG-003,steel,1992,7.0,1,False,120.0,open_row,grass,6.199,312.05,1.88,0.0517,none,normal,normal,
2025-06-01 20:04:00+00:00,SEG-003,steel,1992,7.0,1,False,120.0,open_row,grass,6.192,310.83,0.34,0.0293,none,normal,normal,
2025-06-01 20:05:00+00:00,SEG-003,steel,1992,7.0,1,False,120.0,open_row,grass,5.7928,278.84,0.81,0.0834,pressure,hydraulic_check,pressure_anomaly,
2025-06-01 20:06:00+00:00,SEG-003,steel,1992,7.0,1,False,120.0,open_row,grass,5.7937,278.54,0.35,0.0812,pressure,hydraulic_check,pressure_anomaly,
2025-06-01 20:07:00+00:00,SEG-003,steel,1992,7.0,1,False,120.0,open_row,grass,5.7985,279.22,0.28,0.0678,pressure,hydraulic_check,pressure_anomaly,
2025-06-01 20:08:00+00:00,SEG-003,steel,1992,7.0,1,False,120.0,open_row,grass,5.7885,278.12,0.55,0.0965,pressure,hydraulic_check,pressure_anomaly,
2025-06-01 20:09:00+00:00,SEG-003,steel,1992,7.0,1,False,120.0,open_row,grass,5.8016,281.46,0.87,0.0253,pressure,hydraulic_check,pressure_anomaly,
2025-06-01 20:10:00+00:00,SEG-003,steel,1992,7.0,1,False,120.0,open_row,grass,5.7978,280.68,0.76,0.0835,pressure,hydraulic_check,pressure_anomaly,
2025-06-01 20:11:00+00:00,SEG-003,steel,1992,7.0,1,False,120.0,open_row,grass,5.7874,280.06,1.14,0.0994,pressure,hydraulic_check,pressure_anomaly,
2025-06-01 20:12:00+00:00,SEG-003,steel,1992,7.0,1,False,120.0,open_row,grass,5.8035,282.38,1.04,0.081,pressure,hydraulic_check,pressure_anomaly,
2025-06-01 22:00:00+00:00,SEG-005A,PE,2010,4.0,2,False,30.0,open_row,soil,3.393,99.82,1.49,0.0557,none,normal,normal,
2025-06-01 22:01:00+00:00,SEG-005A,PE,2010,4.0,2,False,30.0,open_row,soil,3.4094,98.52,0.82,0.0719,none,normal,normal,
2025-06-01 22:02:00+00:00,SEG-005A,PE,2010,4.0,2,False,30.0,open_row,soil,3.3859,99.74,1.38,0.1474,none,normal,normal,
2025-06-01 22:03:00+00:00,SEG-005A,PE,2010,4.0,2,False,30.0,open_row,soil,3.4045,100.48,1.85,0.0369,none,normal,normal,
2025-06-01 22:04:00+00:00,SEG-005A,PE,2010,4.0,2,False,30.0,open_row,soil,3.3893,99.92,0.2,0.0702,none,normal,normal,
2025-06-01 22:05:00+00:00,SEG-005A,PE,2010,4.0,2,False,30.0,open_row,soil,3.4136,100.51,10.58,0.2738,methane,inspection,leak,3.0
2025-06-01 22:06:00+00:00,SEG-005A,PE,2010,4.0,2,False,30.0,open_row,soil,3.3962,100.29,12.2,0.2756,methane,inspection,leak,3.0
2025-06-01 22:07:00+00:00,SEG-005A,PE,2010,4.0,2,False,30.0,open_row,soil,3.4008,99.32,11.75,0.2791,methane,inspection,leak,3.0
2025-06-01 22:08:00+00:00,SEG-005A,PE,2010,4.0,2,False,30.0,open_row,soil,3.3822,100.32,12.53,0.3383,methane,inspection,leak,3.0
2025-06-01 22:09:00+00:00,SEG-005A,PE,2010,4.0,2,False,30.0,open_row,soil,3.4005,100.76,11.24,0.2915,methane,inspection,leak,3.0
2025-06-01 22:10:00+00:00,SEG-005A,PE,2010,4.0,2,False,30.0,open_row,soil,3.4113,97.66,13.18,0.2838,methane,inspection,leak,3.0
2025-06-01 22:11:00+00:00,SEG-005A,PE,2010,4.0,2,False,30.0,open_row,soil,3.4108,98.78,13.59,0.2875,methane,inspection,leak,3.0
2025-06-01 22:12:00+00:00,SEG-005A,PE,2010,4.0,2,False,30.0,open_row,soil,3.3998,100.28,11.17,0.2829,methane,inspection,leak,3.0
2025-06-01 23:00:00+00:00,SEG-005B,PE,2010,4.0,2,False,30.0,below_pavement,asphalt,3.4108,97.35,0.88,0.1315,none,normal,normal,
2025-06-01 23:01:00+00:00,SEG-005B,PE,2010,4.0,2,False,30.0,below_pavement,asphalt,3.398,97.79,1.64,0.1124,none,normal,normal,
2025-06-01 23:02:00+00:00,SEG-005B,PE,2010,4.0,2,False,30.0,below_pavement,asphalt,3.3954,100.97,0.48,0.0754,none,normal,normal,
2025-06-01 23:03:00+00:00,SEG-005B,PE,2010,4.0,2,False,30.0,below_pavement,asphalt,3.3988,101.75,0.79,0.118,none,normal,normal,
2025-06-01 23:04:00+00:00,SEG-005B,PE,2010,4.0,2,False,30.0,below_pavement,asphalt,3.3949,101.91,1.47,0.1017,none,normal,normal,
2025-06-01 23:05:00+00:00,SEG-005B,PE,2010,4.0,2,False,30.0,below_pavement,asphalt,3.4039,98.24,11.76,0.2487,methane,escalation,leak,1.0
2025-06-01 23:06:00+00:00,SEG-005B,PE,2010,4.0,2,False,30.0,below_pavement,asphalt,3.4239,98.9,12.75,0.2826,methane,escalation,leak,1.0
2025-06-01 23:07:00+00:00,SEG-005B,PE,2010,4.0,2,False,30.0,below_pavement,asphalt,3.4119,99.3,11.9,0.316,methane,escalation,leak,1.0
2025-06-01 23:08:00+00:00,SEG-005B,PE,2010,4.0,2,False,30.0,below_pavement,asphalt,3.4028,99.3,12.22,0.28,methane,escalation,leak,1.0
2025-06-01 23:09:00+00:00,SEG-005B,PE,2010,4.0,2,False,30.0,below_pavement,asphalt,3.4014,100.45,11.91,0.248,methane,escalation,leak,1.0
2025-06-01 23:10:00+00:00,SEG-005B,PE,2010,4.0,2,False,30.0,below_pavement,asphalt,3.4099,100.36,11.77,0.2477,methane,escalation,leak,1.0
2025-06-01 23:11:00+00:00,SEG-005B,PE,2010,4.0,2,False,30.0,below_pavement,asphalt,3.385,98.97,11.27,0.2744,methane,escalation,leak,1.0
2025-06-01 23:12:00+00:00,SEG-005B,PE,2010,4.0,2,False,30.0,below_pavement,asphalt,3.3936,100.64,11.46,0.3046,methane,escalation,leak,1.0
